Indicator Code,1960,1961,1962,1963,1964,1965,1966,1967,1968,1969,1970,1971,1972,1973,1974,1975,1976,1977,1978,1979,1980,1981,1982,1983,1984,1985,1986,1987,1988,1989,1990,1991,1992,1993,1994,1995,1996,1997,1998,1999,2000,2001,2002,2003,2004,2005,2006,2007,2008,2009,2010,2011,2012,2013,2014
TX.VAL.MRCH.WR.ZS,"0,2965379198","0,2216644392","0,3227059491","0,9853442484","0,2672238854","0,2478314746","0,820037256","1,2432656444","1,0830476751","1,6920872348","4,2422169004","3,5769638007","3,2568072611","3,6379531689","4,9669283733","5,1095426313","7,5997888184","6,2277471611","8,5424359269","10,6621317608","14,511687893","20,1090723134","25,8189712678","22,0896021398","16,3934769536","22,430268595","42,0733402411","22,4656117273","26,5609724203","34,7099681702","33,7675790971","27,0466775691","26,8714109201","30,5401722439","40,9525919959","46,527129658","52,8515992643","38,8286606151","29,2169262315","27,5177053035","42,8903425387","62,14145478","65,8024950044","58,6098251564","49,3188301993","50,8435039465","50,2051271035","48,2467524948","39,4085512321","48,5547238726","39,5978367922","38,4605075559","45,5298972391","37,4691342923","36,1606566249"
TX.VAL.MRCH.WL.CD,26978000,30677000,33467000,40189000,49771000,57297000,49388000,48260000,47551000,50943000,64306000,65167000,86158000,126967000,169783000,177100000,181834000,278897000,257011000,300484000,310150000,297234000,329804000,269190000,334261000,325248000,237414000,382834000,562061500,1129445000,1062839000,791258000,707354000,768329000,816803000,919326000,1044449000,"1400160650,602","1263966908,401","1014412045,561",869357305,2356518656,2328799961,2584499638,2874456410,3153879020,3469819384,4698301709,6379977379,5060453820,6504841142,7763502475,7271180628,9430897478,9651772290
TX.VAL.MRCH.RS.ZS,"13,2404181185","16,4977018613","17,8504198165","18,1467565752","16,837113982","15,1089934901","10,7779217624","8,1661831745","7,2343378688","9,4222955067","10,6739651043","15,1349609465","16,6217878781","18,6127103893","5,0487975828","6,2015810277","2,8564514887","4,1370111547","2,3839446561","2,5655276154","6,2115105594","4,5876312939","4,4866041649","5,1915004272","9,3720176748","12,2780155451","4,5658638496","10,726058814","13,6929855541","14,0677058201","11,9599487787","7,8991934363","9,1699488516","7,3872000146","0,9737966193","1,4376836944","0,7144436923","1,9688026505","3,9311089293","7,0778900552","2,875734736","2,768456801","3,3620252195","5,6710729166","7,4090960037","5,4191271103","4,9665163782","0,7353980894","0,1741010718","0,2144077268","0,1663577136","0,261330296","0,3990592379","0,0897939885","0,079404163"
TX.VAL.MRCH.R5.ZS,0,0,0,0,0,0,0,0,0,0,0,0,0,0,0,0,0,0,0,0,0,0,0,0,"0,0062825158","0,0534976387","0,0021060258","0,0023508884","0,0288224687","0,0019478593","0,06266236","0,0027803826","0,0561246561","0,0253797527","0,0471349885","0,0413346299","0,010914846","0,0599203957","0,1547498194","0,0295836843","0,1884633614","1,2320141377","0,1261274927","0,0262838497","0,1547338128","0,1231580849","0,0886159958","0,8092356208","0,9460473042","1,4828032558","1,8770319572","1,2409987414","0,6808121753","1,7225979116","3,5933317693"
TX.VAL.MRCH.R4.ZS,0,0,0,0,0,0,"0,0769417672","0,055946954","0,5110302622","0,5201892311","0,6422417815","0,6997406663","0,8263887277","1,0364897966","1,0366173292","0,2749858837","0,1099904308","0,749739151","0,5093167219","0,1890283676","0,6222795422","0,0790622876","0,3286800645","0,2741558007","0,0098725248",0,"0,3133766332","0,088288919","0,7620162562","0,4317164625","0,257423749","0,1457173261","0,096557028","0,064425526","0,3195384934","0,261495922","0,0427976857","0,0203546631","0,1290641081","0,0488756141","0,0097524918","0,0777089965","0,0229950193","0,1769896553","0,4730792561","0,6614532729","0,2722272532","0,7486165891","1,3775065612","2,5542292371","2,6453491829","3,03172475","1,6641087079","3,0924542302","2,7069100695"
TX.VAL.MRCH.R3.ZS,"0,2965379198","0,2216644392","0,3227059491","0,9853442484","0,2672238854","0,2478314746","0,820037256","1,2432656444","1,0830476751","1,6920872348","4,2422169004","3,5769638007","3,2568072611","3,6379531689","4,9669283733","5,1095426313","7,5997888184","6,2277471611","8,5424359269","10,6621317608","14,511687893","20,1090723134","25,8189712678","22,0896021398","16,3934769536","22,430268595","42,0733402411","22,4656117273","26,5609724203","34,7099681702","33,7675790971","27,0466775691","26,8714109201","30,5401722439","40,9525919959","46,527129658","52,8515992643","38,8286606151","29,2169262315","27,5177053035","42,8903425387","62,14145478","65,8024950044","58,6098251564","49,3188301993","50,8435039465","50,2051271035","48,2467524948","39,4085512321","48,5547238726","39,5978367922","38,4605075559","45,5298972391","37,4691342923","36,1606566249"
TX.VAL.MRCH.HI.ZS,"86,4630439617","83,2806336995","81,8268742343","80,8678991764","82,8956621326","84,6431750353","88,4020409816","90,5905511811","91,6826144561","88,8856172585","85,0838179952","81,2880752528","80,1214048608","77,7493364418","89,9842740439","88,6888763411","89,5437596929","89,6352416842","89,0736194171","86,7723406238","79,2768015476","75,3032963927","67,2684382239","70,8120658271","70,9143453768","64,2328315624","52,208799818","65,7875214845","57,0304139316","50,6462908774","53,2396722363","63,522896451","62,5828086079","61,6189158551","57,3867872669","50,3481898695","45,9282358449","58,8175321545","66,1143761297","64,795533327","52,3198240107","32,5077395865","29,9266923167","34,0788455936","39,9542794945","39,7596909091","42,4584823577","45,2017279761","52,8350767841","42,2385120392","49,6210214291","50,8970849526","45,0905486432","50,0767071322","49,6910591847"
TX.VAL.MRCH.CD.WT,28010000,30120000,32850000,39460000,48830000,56190000,48500000,47350000,45850000,50040000,62960000,63950000,84550000,124210000,166510000,176290000,181240000,278890000,256970000,305160000,310000000,296000000,330000000,269000000,335000000,304000000,233000000,353000000,510000000,1009000000,959000000,737000000,657000000,725000000,816000000,919000000,1044000000,1089000000,1014000000,741000000,869000000,2356519000,2328800000,2584532000,2874456000,3152567541,3472364993,4723587272,6407111503,5079610400,6504820000,7763000000,7282790000,9456340000,9635890000
TX.VAL.MRCH.AL.ZS,0,0,0,0,0,0,"0,0769417672","0,055946954","0,5110302622","0,5201892311","0,6422417815","0,6997406663","0,8263887277","1,0364897966","1,0366173292","0,2749858837","0,1099904308","0,749739151","0,5093167219","0,1890283676","0,6222795422","0,0790622876","0,3286800645","0,2741558007","0,0706035104",0,"0,3251703775","0,1353066864","0,7620162562","0,5392028828","0,2819806198","0,1493823759","0,1037669964","0,1413456996","0,3932404754","0,2890160835","0,0742975483","0,0289251082","0,1291181637","0,0800802189","0,0482256257","0,1113618597","0,0381613284","0,4422656065","0,8273936567","0,9770376671","0,4139856116","2,1941858013","2,1762370264","3,2166363688","2,4395188989","3,2746825395","2,6276105047","4,1507448036","2,9976637172"
TM.VAL.MRCH.WR.ZS,"0,853405199","0,6412269682","0,6078071784","1,5977469816","0,931484722","3,1404165467","3,5909445746","4,0549718927","4,2473471956","2,7942253504","3,8112263139","10,5153836168","16,0523807659","15,9080631696","22,3976440319","21,9012701724","19,443405666","22,3661136806","20,2704222752","23,9096589462","27,2847853628","27,034278054","26,8859248011","28,6697814746","32,8261844851","36,6082135129","32,315894391","33,7152399104","31,0736621867","28,3149559463","19,564174222","20,4495081815","23,0723408068","25,2361660099","27,546851414","24,3085618344","33,8402779045","34,2459215263","33,0618761562","29,0012480223","25,6886406634","29,7197975697","32,7992649521","35,78532968","33,7189317244","28,8947674718","22,8907774879","30,4409804689","28,8140086163","24,9516292022","25,6599872421","28,8489655453","26,0693670572","28,8849186511","31,4689329244"
TM.VAL.MRCH.WL.CD,35622000,38208000,38170000,35863000,37145000,52095000,57645000,69199000,69926000,80559000,69925000,77030000,76593000,114992000,188118000,195564000,197882000,279995000,346717000,479162000,571476000,557237000,637483000,525019000,563937000,492605300,566160100,576335540,548459010,739722500,1341022100,1444730100,1399709300,1672245300,2354480700,3076616400,3135523600,"3951576279,314","4244006549,032","2886629023,936","2255415574,5","2187290711,1","1661033732,6",1948419968,"2711745521,1","3363573376,9",4969137822,"6106673315,6","9372035449,7","7167056067,6","10332499437,7",12703791133,11831938323,12431820130,12428838007
TM.VAL.MRCH.RS.ZS,"13,9604738645","13,9578098827","15,0458475242","14,4048183364","13,4419168125","11,5999616086","12,5735102784","9,8932065492","11,1117467037","10,535135739","9,1369324276","8,429183435","7,6965257922","6,6361138166","12,5144855888","14,1222310855","15,3258002244","11,4794907052","12,9526386073","13,8237172397","10,3488160483","6,8782223722","15,2967059514","15,5802551908","10,6271090565","1,8292941631","1,3178781055","2,1380253593","1,5387111609","2,7703632105","2,383622164","3,5297181114","3,4454439933","3,2246584876","0,7025668123","0,4808139227","0,2450467922","0,094887957","0,1007187371","0,1565155922","0,0108501955","-5,45008895917773E-015","0,0012918281","0,0018531682","0,1097732651","1,9472887124","1,9918559003","0,4849134147","0,0022159071","0,0174958335","0,0117574969","0,0198500792","0,0010948358","0,0020976832","0,0097625409"
TM.VAL.MRCH.R5.ZS,0,0,0,0,0,0,"0,8534998699","0,2384427521","0,3603809742","0,5052197768","0,4333214158","0,2985849669","0,3368454036","0,0930499513","0,1499059101","0,0475547647","0,068222476","0,1271451276","0,1326730446","0,1293925645","0,0815432319","0,103367149","0,0747157179","0,0446269564","0,0087775762","0,0471168296","0,0374982271","0,0858874676","0,0720017345","0,0921967359","0,0565165928","0,1478615279","0,2167450056","0,3031792046","0,3169913434","0,328503742","0,3213498377","0,2580304925","0,2028020278","0,321287902","0,3876146152","0,3741835897","0,3860930199","0,3612933975","0,4959138789","0,5834241326","0,3750852133","0,5626479644","0,6180430378","0,7275042264","0,5970298578","0,7325752362","0,7818182074","0,8694354316","1,0480126616"
TM.VAL.MRCH.R3.ZS,"0,853405199","0,6412269682","0,6078071784","1,5977469816","0,931484722","3,1404165467","3,5909445746","4,0549718927","4,2473471956","2,7942253504","3,8112263139","10,5153836168","16,0523807659","15,9080631696","22,3976440319","21,9012701724","19,443405666","22,3661136806","20,2704222752","23,9096589462","27,2847853628","27,034278054","26,8859248011","28,6697814746","32,8261844851","36,6082135129","32,315894391","33,7152399104","31,0736621867","28,3149559463","19,564174222","20,4495081815","23,0723408068","25,2361660099","27,546851414","24,3085618344","33,8402779045","34,2459215263","33,0618761562","29,0012480223","25,6886406634","29,7197975697","32,7992649521","35,78532968","33,7189317244","28,8947674718","22,8907774879","30,4409804689","28,8140086163","24,9516292022","25,6599872421","28,8489655453","26,0693670572","28,8849186511","31,4689329244"
TM.VAL.MRCH.HI.ZS,"85,1861209365","85,4009631491","84,3463452974","83,997434682","85,6265984655","85,2596218447","83,835545147","86,0518215581","84,6409061007","86,6706389106","87,0518412585","81,0554329482","76,251093442","77,4558230138","65,0878703792","63,9764987421","65,2307941096","66,1543956142","66,7769391175","62,2666238141","62,3663985889","66,0874995738","57,8173692475","55,7499633347","56,5467064583","51,7405314153","59,514737969","55,9225898163","59,0936485846","61,2523885646","73,0687361528","72,2875366132","70,5795767735","67,9168122045","68,6827502982","73,0968378118","64,5695315449","62,8321225771","63,4460342289","67,6251616946","61,7995509457","56,9802564138","52,8971077201","49,2080849533","48,6674283089","46,7702234625","45,2447348662","38,3253558238","41,0435583673","42,4850486459","37,1580786735","38,2638989504","43,4982155949","39,6829412991","39,8361022681"
TM.VAL.MRCH.CD.WT,38240000,40940000,39740000,38680000,39820000,55380000,58790000,70820000,72800000,82260000,76200000,83240000,82620000,122270000,198300000,205570000,220190000,308310000,383040000,521050000,615000000,600000000,672000000,546000000,586000000,502000000,578000000,595000000,574000000,760000000,1352000000,1460000000,1422000000,1689000000,2370000000,3144000000,3204000000,3403000000,2897000000,1906000000,2193000000,2182000000,1672000000,2227540000,3097000000,3714927000,4743813000,5859421000,9033191000,6939842000,10033466000,12366127000,11555136000,12142040000,12168558000
SP.URB.TOTL.IN.ZS,"35,569","35,67","35,771","35,916","36,079","36,243","36,407","36,571","36,735","36,9","37,065","37,23","37,396","37,916","38,447","38,981","39,518","40,056","40,598","41,141","41,688","42,235","42,785","43,512","44,247","44,983","45,722","46,463","47,207","47,949","48,694","49,439","50,186","50,844","51,488","52,131","52,774","53,414","54,054","54,693","55,331","55,966","56,6","56,893","57,122","57,35","57,578","57,806","58,034","58,26","58,487","58,714","58,94","59,174","59,416"
SP.URB.TOTL,676832,696753,717329,739480,762744,786782,811648,837322,863603,890236,917026,943913,971077,1008218,1047113,1087946,1130840,1175794,1223150,1273100,1325940,1381699,1440454,1508037,1578622,1651697,1727269,1805289,1885602,1967783,2051839,2137447,2224614,2309285,2394821,2481880,2570461,2660202,2750973,2842360,2934039,3025872,3117876,3190530,3258092,3323715,3387197,3448798,3509392,3570084,3631971,3695320,3759878,3825995,3893244
SP.URB.GROW,"2,8896198541","2,900788356","2,9103619645","3,0412644781","3,0975220808","3,1028751482","3,1115539863","3,1141955159","3,0904468669","3,0373423649","2,9649229066","2,8898175701","2,8371763957","3,7533930251","3,7852437369","3,8254661373","3,866920455","3,8982944666","3,9485834343","4,0025372678","4,0666770786","4,1192259463","4,1644440342","4,5850463418","4,5743509501","4,5250929638","4,4738304238","4,4179141301","4,3526443538","4,2660395013","4,1828935869","4,0875662008","3,9971291222","3,735453539","3,6370536218","3,5707848477","3,5068922746","3,4316799507","3,3552607521","3,268002573","3,1745279055","3,0819342339","2,9952686357","2,3035046435","2,0954700767","1,9941385281","1,8919602466","1,8023028828","1,7417038562","1,7146321826","1,7186351199","1,7291678043","1,7319355898","1,7432054102","1,7424179094"
SP.RUR.TOTL.ZS,"64,431","64,33","64,229","64,084","63,921","63,757","63,593","63,429","63,265","63,1","62,935","62,77","62,604","62,084","61,553","61,019","60,482","59,944","59,402","58,859","58,312","57,765","57,215","56,488","55,753","55,017","54,278","53,537","52,793","52,051","51,306","50,561","49,814","49,156","48,512","47,869","47,226","46,586","45,946","45,307","44,669","44,034","43,4","43,107","42,878","42,65","42,422","42,194","41,966","41,74","41,513","41,286","41,06","40,826","40,584"
SP.RUR.TOTL.ZG,"2,4485809397","2,4603505499","2,470468557","2,4107533721","2,390046022","2,3924323674","2,4024317725","2,4065423803","2,3841480551","2,3281020487","2,2568304455","2,1830819991","2,1275824237","1,5383651007","1,5354603502","1,5747368993","1,6148247084","1,6525494234","1,6962796672","1,7555397295","1,8122581351","1,8730703196","1,9139337703","1,621392301","1,5895899996","1,5465019012","1,4919856657","1,4355894669","1,3646851577","1,2909934459","1,1994019112","1,1064876764","1,009048226","1,1031153752","1,0596626057","0,9953836825","0,9285953999","0,8618395827","0,7809029617","0,6921961756","0,596583903","0,5090741077","0,4185698972","1,1097505262","1,1610907834","1,0626793471","0,9591451517","0,8682346568","0,8061999303","0,7859521231","0,7844393122","0,7934978015","0,7988578488","0,7754426703","0,7397728525"
SP.RUR.TOTL,1226039,1256578,1288008,1319436,1351351,1384071,1417725,1452257,1487297,1522329,1557076,1591442,1625664,1650866,1676410,1703018,1730742,1759581,1789683,1821379,1854688,1889755,1926272,1957759,1989128,2020129,2050495,2080144,2108726,2136126,2161901,2185955,2208124,2232617,2256401,2278973,2300234,2320144,2338333,2354575,2368664,2380753,2390739,2417418,2445650,2471778,2495600,2517362,2537739,2557763,2577906,2598443,2619284,2639674,2659274
SP.POP.TOTL.FE.ZS,"50,7637669606","50,7184394248","50,6660476518","50,607504143","50,5440862402","50,4768862747","50,4064147184","50,3335766095","50,2601131482","50,1879120355","50,1181842947","50,0516495718","49,9881967435","49,9271929732","49,8678366219","49,8098148167","49,7533182694","49,6992036793","49,6487525196","49,6034388988","49,5642055594","49,5309119431","49,5031671719","49,481273566","49,4654894541","49,4556386931","49,4515803528","49,4522489514","49,4554027611","49,45838224","49,4594350862","49,4580887921","49,4547613687","49,4497239262","49,4435010842","49,436519044","49,4284901847","49,419337532","49,4099391941","49,4013298223","49,3940731736","49,3887961529","49,3849724477","49,3806468962","49,3733412206","49,361581491","49,3449799475","49,3248085871","49,3033638597","49,2837043745","49,2680450837","49,2568118628","49,2495879553","49,2466131502","49,2479379683"
SP.POP.TOTL,1902871,1953331,2005337,2058916,2114095,2170853,2229373,2289579,2350900,2412565,2474102,2535355,2596741,2659084,2723523,2790964,2861582,2935375,3012833,3094479,3180628,3271454,3366726,3465796,3567750,3671826,3777764,3885433,3994328,4103909,4213740,4323402,4432738,4541902,4651222,4760853,4870695,4980346,5089306,5196935,5302703,5406625,5508615,5607948,5703742,5795493,5882797,5966160,6047131,6127847,6209877,6293763,6379162,6465669,6552518
SP.POP.GROW,"2,6052312329","2,6172322068","2,6276006054","2,6367504275","2,6447194233","2,6493352928","2,6600202147","2,6647577852","2,6430275692","2,5892263311","2,5187005026","2,4456164787","2,3923530563","2,3724505337","2,3944560236","2,4460793047","2,4987562887","2,5460594676","2,6045618695","2,6738723814","2,7459105631","2,8155872829","2,8706224386","2,9001573302","2,899281291","2,8753941016","2,84432142","2,8102131706","2,7640922886","2,7064579327","2,6410680247","2,569197796","2,4974859488","2,4328415224","2,3784113721","2,3296873096","2,2809783515","2,226272915","2,1642108956","2,0927553242","2,014766182","1,9408362902","1,8688176952","1,7871646815","1,6937573451","1,595809584","1,495178257","1,4071175289","1,3480440319","1,3259520072","1,3297624222","1,3418054038","1,3477597744","1,3469746381","1,3342916106"
SP.POP.DPND.YG,"97,9767071433","97,4965623315","97,3246936876","97,2996487195","97,1895233767","96,8650975734","95,9170475476","94,8447922384","93,7278819495","92,6318383848","91,5392316035","90,0422107461","88,4389331788","86,8692243824","85,5005067331","84,3916552146","82,6955729037","81,5337687777","80,7026116091","79,9472936625","79,1662908476","78,5467090711","77,7767767927","77,0048749742","76,4205661111","76,0726823949","75,9651160196","75,9069459025","75,8599871548","75,7374273151","75,477544385","75,1845531263","74,7799197224","74,226797928","73,5004449406","72,6017612057","71,6628195604","70,6122450442","69,4403745367","68,1267649721","66,6692211551","65,3212359188","63,7465415595","62,0601795791","60,4215866739","58,9080357938","57,4155267001","56,1928554673","55,1121225712","53,9960624963","52,7792967227","51,701298506","50,4685396262","49,2043163489","48,0889282384"
SP.POP.DPND.OL,"6,5420339763","6,6038761018","6,6635471713","6,7220920266","6,7793944692","6,8348736196","6,859221866","6,8754311571","6,8887567128","6,9031026537","6,9211196745","6,9377746942","6,9523963597","6,9665693023","6,9819625625","6,9994075098","7,023618915","7,0458077402","7,0680598905","7,0924476412","7,1205506442","7,1449289265","7,1645749436","7,1842227916","7,2091018346","7,2421787944","7,2914271522","7,3372515396","7,3828791632","7,432563919","7,4873471146","7,5783983541","7,6697174148","7,7486681088","7,797627841","7,8105282783","7,8207174779","7,7980292408","7,762145773","7,7379761935","7,7388501513","7,7842687506","7,8473968791","7,9209580381","7,9952295492","8,0665640415","8,166045515","8,2659706987","8,3705534257","8,4848830349","8,6126257245","8,7417745611","8,8794466551","9,033476373","9,2149447992"
SP.POP.DPND,"104,5187411195","104,1004384333","103,9882408589","104,0217407461","103,9689178459","103,6999711929","102,7762694136","101,7202233956","100,6166386622","99,5349410385","98,460351278","96,9799854403","95,3913295385","93,8357936848","92,4824692956","91,3910627244","89,7191918187","88,5795765179","87,7706714997","87,0397413038","86,2868414918","85,6916379975","84,9413517363","84,1890977657","83,6296679457","83,3148611893","83,2565431718","83,2441974421","83,242866318","83,1699912341","82,9648914996","82,7629514804","82,4496371371","81,9754660367","81,2980727816","80,4122894841","79,4835370383","78,4102742849","77,2025203097","75,8647411656","74,4080713064","73,1055046694","71,5939384387","69,9811376172","68,4168162231","66,9745998353","65,5815722151","64,4588261659","63,4826759969","62,4809455312","61,3919224472","60,4430730671","59,3479862813","58,2377927219","57,3038730376"
SP.POP.65UP.TO.ZS,"3,1987454746","3,2356011347","3,2666329899","3,2947920168","3,3237389994","3,3553630762","3,3826551232","3,4083995355","3,433791314","3,4595959073","3,4874067439","3,5220708737","3,5581908246","3,5940572017","3,6273238743","3,6571234885","3,702113027","3,7362517566","3,7641980156","3,7919468835","3,8223583519","3,8477386508","3,87397133","3,9004603849","3,9258916684","3,9506774014","3,9788086286","4,0040839721","4,0290131406","4,0577410464","4,0922316042","4,1465725371","4,203744954","4,2580839481","4,3009987483","4,329266205","4,357345307","4,3708409014","4,3803811364","4,3999588219","4,4372087217","4,4968349016","4,5732366484","4,6599041218","4,7472869565","4,8310126507","4,9317357033","5,0261642329","5,1201470582","5,222078815","5,3364664067","5,4485210199","5,5723620124","5,7087982698","5,8580533468"
SP.POP.1564.TO.ZS,"48,8952745614","48,9954851482","49,0224336358","49,0143842682","49,0270777803","49,0918086116","49,3154353264","49,5736115679","49,8463141775","50,1165357203","50,3878983162","50,7665790392","51,1793436465","51,5900588323","51,952783215","52,2490436996","52,7094802805","53,0280117532","53,2564533116","53,4645735195","53,680656776","53,8527211448","54,0711955769","54,2920298829","54,4574311541","54,5509509438","54,5683107785","54,5719872148","54,57238364","54,5940955318","54,6552943466","54,7156845466","54,8096458667","54,9524626467","55,1577843414","55,4285965141","55,7154163831","56,0505836341","56,4326059388","56,8618810895","57,3367959699","57,7682380413","58,2771168433","58,8300569121","59,376493537","59,8893484989","60,3931939178","60,8054929804","61,1685607605","61,5456782782","61,9609695973","62,3274025412","62,7557350009","63,1960281295","63,571225596"
SP.POP.0014.TO.ZS,"47,905979964","47,7689137171","47,7109333743","47,690823715","47,6491832202","47,5528283122","47,3019095504","47,0179888966","46,7198945085","46,4238683725","46,1246949398","45,7113500871","45,2624655289","44,8158839661","44,4198929108","44,0938328119","43,5884066925","43,2357364902","42,9793486728","42,7434795971","42,4969848722","42,2995402044","42,054833093","41,8075097323","41,6166771775","41,4983716549","41,4528805929","41,4239288131","41,3986032194","41,3481634218","41,2524740492","41,1377429163","40,9866091792","40,7894534052","40,5412169103","40,2421372809","39,9272383099","39,5785754644","39,1870129247","38,7381600886","38,2259953084","37,7349270571","37,1496465082","36,5100389661","35,8762195064","35,2796388504","34,6750703789","34,1683427867","33,7112921814","33,2322429068","32,702563996","32,2240764388","31,6719029866","31,0951736008","30,5707210572"
SP.DYN.TO65.MA.ZS,"61,4694","61,8022","62,135","62,3282","62,5214","62,7146","62,9078","63,101","63,308","63,515","63,722","63,929","64,136","64,2788","64,4216","64,5644","64,7072","64,85","64,9778","65,1056","65,2334","65,3612","65,489","65,6034","65,7178","65,8322","65,9466","66,061","66,2602","66,4594","66,6586","66,8578","67,057","67,2498","67,4426","67,6354","67,8282","68,021","68,4552","68,8894","69,3236","69,7578","70,192","70,5008","70,8096","71,1184","71,4272","71,736","72,0442","72,3524","72,6606","72,9688","73,277","73,3647","73,45241"
SP.DYN.TO65.FE.ZS,"69,5066","69,8528","70,199","70,381","70,563","70,745","70,927","71,109","71,3844","71,6598","71,9352","72,2106","72,486","72,599","72,712","72,825","72,938","73,051","73,1578","73,2646","73,3714","73,4782","73,585","73,686","73,787","73,888","73,989","74,09","74,2442","74,3984","74,5526","74,7068","74,861","75,0126","75,1642","75,3158","75,4674","75,619","75,8312","76,0434","76,2556","76,4678","76,68","76,9594","77,2388","77,5182","77,7976","78,077","78,3534","78,6298","78,9062","79,1826","79,459","79,60076","79,74253"
SP.DYN.TFRT.IN,"6,5","6,489","6,472","6,447","6,41","6,356","6,276","6,17","6,041","5,894","5,739","5,591","5,458","5,351","5,272","5,223","5,198","5,189","5,186","5,183","5,174","5,155","5,126","5,087","5,037","4,974","4,9","4,818","4,73","4,639","4,547","4,457","4,368","4,282","4,196","4,108","4,014","3,911","3,798","3,678","3,553","3,431","3,315","3,21","3,119","3,04","2,97","2,907","2,846","2,787","2,73","2,675","2,625","2,581","2,542"
SP.DYN.LE00.MA.IN,"61,862","62,089","62,303","62,493","62,659","62,8","62,925","63,045","63,167","63,295","63,429","63,567","63,704","63,836","63,962","64,083","64,198","64,31","64,42","64,529","64,635","64,737","64,835","64,93","65,024","65,122","65,231","65,354","65,493","65,649","65,817","65,993","66,169","66,345","66,521","66,704","66,905","67,129","67,38","67,654","67,942","68,234","68,515","68,778","69,018","69,239","69,446","69,648","69,852","70,055","70,253","70,435","70,594","70,726","70,83"
SP.DYN.LE00.IN,"63,7937073171","64,0182682927","64,226902439","64,4110487805","64,5702195122","64,707804878","64,8357317073","64,9664634146","65,1089512195","65,2657317073","65,4333902439","65,6065121951","65,7752195122","65,932097561","66,0761463415","66,206902439","66,325804878","66,4387804878","66,5497560976","66,6607073171","66,771097561","66,8789512195","66,9837804878","67,0865853659","67,1888780488","67,2946829268","67,411","67,5398536585","67,6832439024","67,8421707317","68,0126097561","68,1910487805","68,3704634146","68,5508536585","68,7307560976","68,9152195122","69,112804878","69,3270487805","69,5614634146","69,8125365854","70,0746829268","70,3398536585","70,5974390244","70,8423902439","71,0711707317","71,2863170732","71,4918536585","71,6948292683","71,8988292683","72,1023170732","72,3012926829","72,487195122","72,654","72,7991707317","72,9217073171"
SP.DYN.LE00.FE.IN,"65,822","66,044","66,247","66,425","66,577","66,711","66,842","66,984","67,148","67,335","67,538","67,748","67,95","68,133","68,296","68,437","68,56","68,674","68,786","68,899","69,014","69,128","69,24","69,351","69,462","69,576","69,7","69,835","69,983","70,145","70,318","70,499","70,682","70,867","71,051","71,237","71,431","71,635","71,852","72,079","72,314","72,551","72,784","73,01","73,227","73,436","73,64","73,844","74,048","74,252","74,452","74,642","74,817","74,976","75,118"
SP.DYN.IMRT.IN,"62,6",62,"61,4","60,9","60,5",60,"59,6","59,3","58,9","58,4",58,"57,4","56,8","56,1","55,3","54,5","53,6","52,6","51,6","50,5","49,4","48,3",47,"45,7","44,4","43,2","41,9","40,7","39,4","38,3","37,1","35,9","34,8","33,8","32,8","31,8","30,9","30,1","29,3","28,5","27,7","26,9","26,1","25,3","24,6","23,8","23,1","22,4","21,7",21,"20,4","19,8","19,2","18,6","18,1"
SP.DYN.CDRT.IN,"8,226","8,112","8,006","7,912","7,83","7,757","7,684","7,604","7,513","7,413","7,307","7,204","7,112","7,036","6,978","6,939","6,916","6,901","6,89","6,878","6,864","6,846","6,824","6,799","6,769","6,732","6,686","6,632","6,569","6,501","6,429","6,357","6,287","6,221","6,161","6,102","6,043","5,98","5,912","5,842","5,771","5,708","5,655","5,616","5,591","5,579","5,576","5,577","5,578","5,578","5,58","5,585","5,598","5,62","5,652"
SP.DYN.CBRT.IN,"41,888","41,62","41,355","41,083","40,791","40,441","39,992","39,432","38,774","38,046","37,309","36,636","36,093","35,72","35,531","35,523","35,669","35,903","36,161","36,401","36,582","36,678","36,683","36,598","36,412","36,122","35,731","35,261","34,734","34,166","33,579","32,993","32,415","31,847","31,289","30,718","30,105","29,429","28,687","27,893","27,079","26,291","25,57","24,944","24,422","23,998","23,649","23,338","23,034","22,728","22,419","22,117","21,837","21,588","21,368"
SP.DYN.AMRT.MA,"217,64","216,031","214,421","213,44","212,459","211,477","210,496","209,514","208,751","207,987","207,224","206,46","205,697","205,478","205,259","205,04","204,822","204,603","204,418","204,233","204,048","203,862","203,677","203,518","203,359","203,2","203,041","202,881","202,621","202,361","202,101","201,84","201,58","201,331","201,082","200,833","200,584","200,335","197,841","195,347","192,853","190,359","187,865","185,851","183,838","181,824","179,81","177,797","175,785","173,773","171,761","169,749","167,737","167,11","166,484"
SP.DYN.AMRT.FE,"164,407","162,745","161,082","160,223","159,363","158,504","157,645","156,786","155,993","155,201","154,409","153,616","152,824","152,62","152,416","152,212","152,008","151,804","151,622","151,44","151,259","151,077","150,895","150,729","150,564","150,398","150,233","150,067","149,822","149,577","149,332","149,087","148,842","148,615","148,389","148,162","147,935","147,709","147,112","146,515","145,919","145,322","144,725","143,015","141,304","139,594","137,883","136,173","134,471","132,769","131,067","129,365","127,663","126,899","126,134"
SP.ADO.TFRT,"96,5818","96,4404","96,299","97,12","97,941","98,762","99,583","100,404","99,0844","97,7648","96,4452","95,1256","93,806","94,185","94,564","94,943","95,322","95,701","95,9184","96,1358","96,3532","96,5706","96,788","95,751","94,714","93,677","92,64","91,603","91,7632","91,9234","92,0836","92,2438","92,404","92,3036","92,2032","92,1028","92,0024","91,902","88,8454","85,7888","82,7322","79,6756","76,619","74,8606","73,1022","71,3438","69,5854","67,827","66,3098","64,7926","63,2754","61,7582","60,241","59,1124","57,9838"
SH.DYN.MORT,"85,3","84,3","83,4","82,7",82,"81,3","80,6","80,1","79,4","78,7",78,"77,1","76,1","75,1","73,8","72,5","71,1","69,6",68,"66,4","64,7","62,9",61,"59,1","57,2","55,3","53,5","51,7","49,9","48,2","46,5","44,9","43,3","41,9","40,5","39,2","37,9","36,8","35,7","34,6","33,5","32,5","31,5","30,4","29,4","28,4","27,5","26,6","25,7","24,9","24,1","23,3","22,6","21,9","21,2"
SH.DTH.MORT,6434,6486,6590,6735,6880,6999,7098,7196,7249,7262,7236,7141,6992,6845,6729,6711,6773,6926,7124,7311,7436,7488,7465,7394,7292,7174,7052,6908,6743,6578,6401,6230,6050,5892,5734,5591,5458,5359,5247,5101,4912,4692,4433,4152,3916,3735,3634,3583,3553,3519,3446,3330,3192,3039,2896
SH.DTH.IMRT,4720,4789,4889,5012,5141,5239,5320,5396,5441,5442,5419,5325,5201,5077,5001,5014,5127,5302,5512,5696,5831,5888,5877,5829,5756,5683,5583,5483,5358,5252,5124,4995,4873,4762,4652,4544,4463,4399,4324,4218,4072,3877,3652,3424,3240,3095,3035,3016,3011,2988,2941,2845,2719,2581,2468
PA.NUS.FCRF,"123,1666666667",126,126,126,126,126,126,126,126,126,126,126,126,126,126,126,126,126,126,126,126,126,126,126,201,"306,6666666667","339,1666666667",550,550,"1056,2166666667","1229,8083333333","1325,1833333333","1500,2583333333","1744,3458333333","1904,7608333333","1963,0191666667","2056,8116666667","2177,8625","2726,49","3119,0733333333","3486,3533333333","4105,925","5716,2583333333","6424,3391666667","5974,5775","6177,9583333333","5635,4625","5032,7166666667","4363,2416666667","4965,3916666667","4735,4616666667","4191,41625","4424,9175","4320,6741666667","4462,1916666667"
NY.GDP.PCAP.KN,"1174365,06126795","1222969,12243752","1230567,31611694","1254999,29652302","1273729,86563991","1316936,84344357","1307906,26521448","1390045,20909739","1415074,14232847","1443729,35104339","1486002,50446425","1530410,19103834","1593318,81777967","1669592,05967168","1766715,5823909","1842162,40553443","1931920,45490921","2099827,69543925","2291931,3414318","2496159,16236627","2712984,6105549","2879549,34857712","2758957,29792089","2598547,35887513","2595388,96371663","2635889,53381778","2689170,29216224","2812901,64236521","2898072,47767334","3016309,81271758","3058819,0530028","3085386,72725784","3060334,24673419","3134217,69961131","3223310,34725928","3363941,29371354","3339826,45187186","3404867,25219493","3334237,32037335","3220580,20737223","3083299,96984557","2998812,9378309","2942661,08631661","3015430,95620715","3085080,81186","3101017,29050488","3201853,81205573","3328282,34576344","3492532,07843521","3309849,6094958","3693762,05035945","3802790,31797035","3705397,04117876","4168962,09699259","4307968,34821362"
NY.GDP.PCAP.KD,"1025,5187545536","1067,962435757","1074,597587275","1095,9329070522","1112,289447745","1150,02010538","1142,1341186083","1213,8622636369","1235,7188747381","1260,7421446922","1297,6573366346","1336,4365177684","1391,3717152416","1457,977613706","1542,791099173","1608,6753243233","1687,0568821896","1833,6825183466","2001,4377575656","2179,7804786474","2369,1241256236","2514,5774163616","2409,2699496489","2269,191360517","2266,4332799369","2301,8005567563","2348,3281815479","2456,3770535251","2530,7528092677","2634,0040116198","2671,1253673142","2694,3256898646","2672,4485160007","2736,9675221221","2814,7680154007","2937,5745240546","2916,5161467345","2973,3132728943","2911,6354164042","2812,3839103646","2692,5034210208","2618,7247991039","2569,6899812862","2633,2365468308","2694,0585480804","2707,9751386457","2796,0310144589","2906,435212186","3049,8669157002","2890,3387551611","3225,5917537364","3320,8011029406","3235,7520537042","3640,5620011149","3761,9497384795"
NY.GDP.PCAP.CN,"16807,1829356798","18672,8209914244","20371,0929384936","21098,2025007334","21894,3883316502","23224,2077653346","23833,7217235519","24848,2536309077","25566,1987324004","26778,0752850182","27946,9158506804","30267,9340368508","33834,2398028914","42141,9517021651","55498,7020487802","61031,9820678447","67844,7624076472","82087,133943704","98293,3583773146","127654,965116907","162215,173072739","201029,608883389","204701,303373069","220631,898472963","277817,137243361","356013,430538375","471101,2516928","649584,059743148","858568,900776301","1183868,59143319","1662171,58218115","2140833,57490236","2422494,46590347","2784155,51324093","3223310,34725928","3736545,74085778","4133468,01637138","4357702,45681726","4834724,61667662","5036997,76887723","5388591,62958966","5819171,66439322","6563575,78084509","7547184,63865927","8415360,12673785","9311084,83782139","10198636,1249589","11636674,5109082","13350918,4768777","12911087,6952378","15287622,4440516","16715471,1736047","17060588,8359631","19356426,211085","21029730,3135527"
NY.GDP.MKTP.KN,2234665218500,2388863498900,2467702170000,2583938131600,2692785940300,2858876297400,2915810914200,3182618319800,3326697801200,3483090901800,3676521768300,3880133129900,4137436300200,4439585532400,4811690523100,5141408956000,5528348799200,6163781721500,6905206379200,7724312108600,8628994815900,9420313234600,9288653267800,9006035042200,9259698975300,9678527723400,10159050719600,10929340867000,11575852043600,12378660987200,12889068196400,13339367147400,13565659908200,14235309638300,14992332000000,16015230000000,16267276000000,16957417000000,16968954000000,16737146000000,16349824000000,16213457000000,16209987000000,16910380000000,17596505000000,17971924000000,18835856000000,19857065000000,21119799000000,20282252000000,22937808000000,23933861000000,23637328000000,26955128992700,28228040145100
NY.GDP.MKTP.KD,"1951429897,99617","2086084132,59966","2154930301,87333","2256433797,25633","2351485560,0305","2496524595,82458","2546242966,40407","2779233547,71544","2905051502,62167","3041622372,30926","3210536611,88237","3388341007,50663","3613031979,20827","3876884944,96367","4201827042,79298","4489754917,87459","4827651607,04993","5382545822,29155","6029997723,43965","6745284915,7843","7535302529,434","8226324347,06571","8111351780,5015","7864554340,5142","8086067334,49498","8451811131,1122","8871429664,43721","9544088464,20912","10108656807,1365","10809712769,3228","11255427805,2664","11648653076,2121","11846264089,9199","12431038262,6612","13092110918,128","13985360485,569","14205460613,319","14808128865,406","14818203594,5183","14615776377,2109","14277545968,157","14158462966,9553","14155432776,2627","14767053626,3267","15366214891,1453","15694050960,1953","16448482863,7657","17340257505,5353","18442944771,8053","17711553669,7976","20030528042,9171","20900335112,0465","20641386542,412","23538668873,1864","24650243376,482"
NY.GDP.MKTP.CN,31981901000,36474200100,40850906400,43439426700,46286816900,50416341100,53134255700,56892039700,60103576600,64603847200,69143520400,76739957900,87858757700,112058989500,151151991500,170338064800,194143350900,240956520800,296141473800,395025608800,515946121500,657659118100,689173200300,764665151200,991182091400,1307219370600,1779709349000,2523915342000,3429405800300,4858488967200,7003958882700,9255684159400,10738283273800,12645361493900,14992332000000,17789145000000,20132862000000,21702866000000,24605393000000,26176950000000,28574101000000,31462079000000,36156212000000,42324219000000,47999043000000,53962327000000,59996506000000,69426262000000,80734753000000,79117170000000,94934255000000,105203214000000,108832260000000,125152244903800,137797686414700
NY.GDP.DEFL.ZS,"1,4311719149","1,5268432088","1,6554228827","1,6811326157","1,7189192875","1,7635020146","1,8222805684","1,7875860057","1,8067038304","1,854784989","1,880677574","1,9777661057","2,1235071993","2,5240867347","3,1413489869","3,3130619692","3,5117782534","3,9092318918","4,2886694117","5,1140555074","5,9792146421","6,9812871581","7,4195169141","8,4905860083","10,704258249","13,5063865906","17,5184611055","23,0930242977","29,6255151447","39,2489056145","54,3403043259","69,3862314241","79,1578393271","88,8309549648",100,"111,0764253776","123,7629582236","127,984503772","145,0024144093","156,4003205803","174,7670250151","194,0491716233","223,0489882564","250,285440067","272,776002962","300,2590429383","318,5228534344","349,6300284055","382,270461002","390,0807957617","413,8767531754","439,5580554262","460,4253915671","464,2984455303","488,158886364"
FS.AST.PRVT.GD.ZS,"9,0707553625","9,4422906892","9,5983182395","10,1958067508","11,3682477051","12,6506602043","14,8096550828","18,4769258677","20,4094343364","23,0569859932","24,7770143911","24,7419995001","24,1281581426","22,7743442216","19,7640796549","20,2079905278","20,7857749508","20,7310845268","21,1485744284","20,3078479503","20,536155925","18,9878459164","19,8627717881","18,8654994639","17,1110234408","14,2812449233","13,9163285364","12,0485103022","14,1447244289","13,7636002575","14,6096374513","16,9434908646","19,9674747381","23,1053892877","26,8791005962","23,9644450928","25,7856592967","32,7741017845","25,1629665909","26,3822344037","25,6729204794","26,7967077891","23,7278947142","14,8106349677","14,7313590219","15,0968824919","14,7187776672","17,7562829078","24,9565255471","30,2868061793","34,572088031","38,9375090712","42,6750330284","45,6946688857","49,8666223542"
FS.AST.DOMS.GD.ZS,"12,8447649188","13,4588283953","13,1331235284","14,8436581462","16,8946592653","17,9802813973","19,9833419328","27,4117435097","27,3155125347","30,2673924967","31,3884798958","30,7835717486","30,8145718295","27,6953238098","22,4380106828","22,6717381375","22,3293766173","21,0184807748","19,7257071934","17,5188135803","18,8190774102","19,6509249919","21,2099077469","22,2957721733","20,8625843621","18,0708613499","17,3296892649","15,6803595356","16,0295699025","14,2745821732","13,7930992483","16,0057103774","26,6236411082","29,7652700701","29,7126624464","26,8281910289","26,0622410564","33,232180501","26,9285384407","26,4958172658","27,0406951156","28,5951351452","28,1234492296","17,7202804059","17,2626387083","17,0125552924","15,8293075365","17,259147205","22,7821727575","27,0542298006","29,6997320093","32,8581531516","38,4104024953","38,2481459617","40,7842872832"
FS.AST.CGOV.GD.ZS,"1,8322863297","1,8396565193","1,3145363159","1,9866744696","2,7394409141","2,673736274","2,4466325591","3,3658487375","3,369350236","2,9840328147","2,5727645768","2,655070521","3,3936286809","2,6221011033","0,6733619517","0,328523164","-0,0882852795","-0,8277841967","-2,3633636688","-3,5402261748","-3,2006636569","-0,5919480005","0,0141618972","2,2129555628","2,4530104217","1,8379241113","1,4324979533","1,0363818296","-1,2724361753","-3,1928033808","-2,8866245988","-2,9745397019","4,368472949","4,5278420888","1,3351758752","1,0166284664","-1,3331874375","-1,5668373016","-0,2245308945","-1,8427377597","-0,5730679436","0,5311838279","3,2519558027","1,8997410348","1,1662078467","0,7070385184","0,0106798374","-1,5088462216","-3,0897114823","-4,222128894","-5,6752107471","-6,939331004","-4,6577789549","-7,8794738828","-9,3733939787"
FP.CPI.TOTL.ZG,"8,1818181818","18,487394958","1,4184397163","2,0979020979","1,3698630137","3,8592981578","2,8731942216","1,3652675922","0,7080735779","2,2468475357","-0,859556021","4,9532569364","9,180374973","12,7968945326","25,2333177791","6,6930600837","4,4746147466","9,3598529166","10,6602475929","28,1610386024","22,4473301362","12,9746974698","5,1200654371","13,4337555632","20,311462546","25,2107164359","31,7425972673","21,8102740351","22,5942571785","26,4221267236","37,2599561799","24,2253521127","15,1927437642","18,2086614173","20,5661948376","13,4254143646","9,7996833902","6,9495660853","11,5532684356","6,752265861","8,9821597675","7,2680602858","10,5102420857","14,2367970499","4,3232649297","6,8073820312","9,5913088464","8,128776435","10,1545446608","2,5919467343","4,6511627907","8,253968254","3,6759189797","2,6838573872","5,0288276746"
FP.CPI.TOTL,"0,4109273932","0,4868971634","0,4938035061","0,5041630203","0,511069363","0,5307930535","0,5460437689","0,5534987275","0,5574179057","0,5699422362","0,5650432634","0,593031308","0,6474738058","0,7303303459","0,9146169229","0,9758327831","1,0194975407","1,114921011","1,2337743512","1,5812180225","1,9361592522","2,1873700577","2,299364836","2,6082558876","3,1380308053","3,9291508533","5,1763653847","6,3053448602","7,7299906939","9,7724186307","13,4136175303","16,663113608","19,1946977616","22,6897952871","27,3562227941","31,0289090587","34,0696439059","36,4373363242","40,6470396005","43,3916357789","47,2891418303","50,7261451672","56,057585825","64,03839055","66,8069398302","71,3547434478","78,1985972684","84,5551864157","93,1413805832","95,5555555556",100,"108,253968254","112,2332964193","115,2454780362","121,0409745293"
FM.LBL.BMNY.GD.ZS,"9,477235265","10,7829643672","10,1246223511","11,3468348329","13,4681976803","14,4357956988","14,7851887572","18,1730169186","16,8227925391","18,3532413531","19,5367547412","19,8621427703","21,4445326718","21,6868812653","19,4376532578","21,7727024453","23,5644948889","24,9630098411","26,5054735471","24,6791847992","25,4400594423","23,840116511","24,0414165739","25,2954511784","22,7947923959","20,879188768","19,5341334918","18,59571881","17,3959873733","19,5061058366","20,8251079772","23,5995304332","27,8936672057","30,3027161529","31,7520182984","26,901350419","26,1012514515","25,4754535184","24,182613132","25,6520784786","24,1676129093","30,6344539946","27,0470062102","25,6290458746","26,0110247806","25,6983107164","25,5890444267","28,7317800935","33,2522264421","41,0535343328","40,71988584","42,6591476011","46,0854117425","48,4665730521","50,6215017844"
FM.LBL.BMNY.CN,3031000000,3933000000,4136000000,4929000000,6234000000,7278000000,7856000000,10339000000,10111100000,11856900000,13508400000,15242200000,18840900000,24302100000,29380400000,37087200000,45748900000,60150000000,78493700000,97489100000,131257000000,156786700000,165687000000,193425500000,225937900000,272936800000,347650800000,469340200000,596579000000,947702000000,1458582000000,2184298000000,2995301000000,3831888000000,4760368000000,4785520233000,5254928935000,5528903540000,5950226998800,6714931757300,6905678122000,9638236117000,9779172905000,10847293503570,"12485042969195,9","13867406462270,8",15352532574816,"19947400924969,8","26846102885019,9","32480394549115,4","38657120259079,7","44878794341338,3","50155795129650,5","60657004202672,6","69755258287222,9"
FM.AST.NFRG.CN,-665080000,-629540000,-403340000,-178940000,153660000,317600000,-145900000,"-2425180000,47502","-3599080000,47502","-4980780000,47502","-5195860000,91854","-5244029033,97432","-5015694125,02884","-2966318867,42884","787100252,571199","3416385832,9712","9664159755,6452",21640105672,"41657768203,1469","60682311005,7824","79841894040,5328","84183523134,928","64338872330,1349","56943537754,1048",54414746912,"53789375849,478",121987286230,115733024050,87683758000,"561569964580,8",916382045210,"1259108888911,8",1035899612500,"1343510882243,6","2120974819425,42","2170072782286,86","2563125271794,96","2017107997738,56","2896725972661,48","4131056512531,75","4088611695839,84","4692850592422,09","5410503461379,04","7574474952080,26","8904310986133,46","9164174294195,8","9817475697115,8","12476887638644,6","15445939484298,4","18292981644945,8","19019273494837,3","21155543251299,1","19041912373946,5","22695280805322,1","25942640275796,9"
FM.AST.DOMS.CN,4108000000,4909000000,5365000000,6448000000,7820000000,9065000000,10618000000,15595100000,16417600000,19553900000,21703100000,23623300000,27073300000,31035100000,33915500000,38618600000,43351000000,50645400000,58416000000,69203800000,97096300000,129236100000,146173000000,170488000000,206786200000,236225800000,308418100000,395759000000,549719000000,693529000000,966063000000,1481438000000,2858922000000,3763926000000,4454621000000,4772505803000,5247075026000,7212335603000,6625872712480,6935796837750,7726635533440,8996624009554,10168373925174,"7499970286394,8","8285901376541,85","9180370717963,94","9497031445874,32","11982380757508,4","18393130903823,2","21404540983537,4","28195219320031,7","34567833176519,1","41802909110730,7","47868413305181,8","56199804297022,8"
FI.RES.XGLD.CD,910000,2440000,"2059999,99868","3139999,99818","5389999,99768","10189999,99719","11459999,99624","12179999,99623","12139999,99623","10249999,99623","17519999,99271","21038817,19068","31391951,38866","57010008,98866","87134128,98866","115015284,38866","157506982,18766",267844172,"448732604,78688","609085007,9824","761851381,27407","805699389,95975","739000574,04869","680191886,93734","666268528,8","533616799,52962","446670338,6",497020771,323664395,"432549469,6",661424427,"962115405,4",561527500,"631179432,92","1030734937,3313","1092914173,89766","1049287144,52108","835677632,80625","864740777,71531","978049557,99751","762827643,30884","713509987,67675","629194259,92272","968858231,89235","1168047075,38423","1297089015,94931","1702146966,0588","2461472167,48475","2844555987,68435","3838642103,27121","4136813980,31116","4950058700,55407","4556608687,37684","5555579915,2","6668896575,88019"
FI.RES.TOTL.CD,"1011709,19999714","2520352,9","2140170,01867771","3220192,87817771","5470284,31767771","10270284,3171877","11540444,3362377","12260467,1962277","12235783,3962277","10330467,1962277","17605427,8127077","21138555,37068","31540312,78866","57266612,48866","87572217,48866","115344731,63866","157823509,93766","268861088,75","451139730,78688","627066447,9824","782720270,77407","819771287,45975","755180316,848655","693701564,93734","677186048,399965","545196523,52962","460512889,4","514163720,2",337995248,"446557201,6",674873247,"974467360,6",573168589,"644825618,37068","1044122626,3313","1106424124,89766","1062185785,52108","845814899,55557","874794206,96599","988188570,99751","772414730,70884","723168685,67675","641167202,92272","983433608,89235","1168047075,38423","1297089015,94931","1702146966,0588","2461472167,48475","2863012082,68435","3861718853,27121","4166638690,31116","4982546520,55407","4994947887,37684","5872875327,7","6986587125,88019"
FD.AST.PRVT.GD.ZS,"9,0707553625","5,1186866193","5,9141894585","6,9337931663","8,4214043243","10,0582467695","12,4307754254","15,393366183","17,4528715151","20,3031252294","22,162741948","22,3351699285","22,0363917119","21,1243204188","18,4981353686","19,1122871087","19,7613257534","19,8929250144","20,4678187159","19,7998302534","20,1335557476","18,6555613118","19,5371061935","18,5025824412","16,8349793088","14,079886218","13,6836950447","11,8746098577","14,0985648289","13,7062161609","14,5326524191","16,8727343447","19,9087688925","23,0556160961","26,8352448438","23,8483379555","25,6603379539","27,0608369881","23,3916434704","23,9934883247","23,4865283216","24,1006877327","20,9182032565","14,6995352684","14,61982632","14,9979899055","14,6271347932","17,6361602158","24,7965916181","30,1716277244","34,479516199","38,8375402923","42,6245399238","45,6307427864","49,7986466533"
ER.FSH.PROD.MT,600,600,600,700,700,700,700,800,1000,1400,1800,2200,2500,2700,2700,2800,2900,3000,3100,3200,3300,3350,3400,3500,5000,7500,13000,10022,10054,11051,12551,13050,18000,19075,20100,21190,22350,28350,28095,28095,28103,25570,25200,24700,24700,23920,23250,22550,21850,21200,"20757,42","21929,06",22400,23450,24500
ER.FSH.CAPT.MT,600,600,600,700,700,700,700,800,1000,1400,1800,2200,2500,2700,2700,2800,2900,3000,3100,3200,3300,3350,3400,3500,5000,7500,13000,10000,10000,11000,12490,12990,17925,19000,20000,21000,22000,28000,28000,28000,28000,25000,24200,23400,22600,21800,21000,20200,19400,18600,17800,17000,17000,17000,17000
EN.URB.MCTY.TL.ZS,"20,0849663482","20,3524133903","20,6224190747","20,8432495546","21,0450807556","21,2457499425","21,4471512842","21,6493949324","21,859415543","22,0811460002","22,3219576234","22,5818869547","22,8581518141","23,0605351316","23,2588085359","23,4467015698","23,6246943124","23,7906911383","23,94487182","24,083375586","24,2063202613","24,3107804664","24,4033223969","24,5586583861","24,7184079602","24,8826877962","25,0570972671","25,2413051518","25,4398487055","25,6522257194","25,8845823425","26,1377961152","26,4137199176","26,6028857514","26,7901424615","26,9918646932","27,209505009","27,4416074706","27,6940117179","27,9687354181","28,2694127882","28,5920514184","28,9404142421","29,316944451","29,7273965057","30,1705652996","30,6524770445","31,1695294796","31,715370479","32,2751694029","32,8449822758","33,4208326561","34,0061907818","34,60208062","35,2128601554"
EN.URB.MCTY,382191,397550,413549,429145,444913,461214,478137,495680,513893,532722,552268,572531,593567,613199,633459,654389,676040,698346,721419,745255,769913,795316,821593,851153,881891,913649,946598,980734,1016151,1052744,1090709,1130042,1170851,1208277,1246069,1285043,1325292,1366687,1409433,1453517,1499043,1545865,1594216,1644079,1695574,1748533,1803223,1859624,1917870,1977773,2039633,2103428,2169310,2237256,2307329
EN.URB.LCTY.UR.ZS,"56,4676315541","57,0575225367","57,6512311645","58,0333477579","58,330580116","58,6203039724","58,9094040766","59,1982534795","59,5056987991","59,8405366667","60,2238104481","60,655060371","61,1246070085","60,8200805778","60,4957631125","60,1490331322","59,7821088748","59,3935672405","58,9804194089","58,5386065509","58,0654479087","57,5607277707","57,0370869184","56,4411218027","55,8646085003","55,31577523","54,8031603647","54,3255955141","53,8900043594","53,4989884555","53,1576307888","52,8687728865","52,6316475577","52,3225587141","52,0318220026","51,7769996938","51,5585336638","51,3753090931","51,2339815767","51,1376813634","51,0914476597","51,0882482802","51,1314754018","51,5299652409","52,0419312898","52,6077897774","53,2364370894","53,9209312926","54,6496373161","55,3985004274","56,1577446516","56,9214032885","57,696286954","58,4751417605","59,2649471752"
EN.URB.LCTY,382191,397550,413549,429145,444913,461214,478137,495680,513893,532722,552268,572531,593567,613199,633459,654389,676040,698346,721419,745255,769913,795316,821593,851153,881891,913649,946598,980734,1016151,1052744,1090709,1130042,1170851,1208277,1246069,1285043,1325292,1366687,1409433,1453517,1499043,1545865,1594216,1644079,1695574,1748533,1803223,1859624,1917870,1977773,2039633,2103428,2169310,2237256,2307329
DT.ODA.ODAT.PC.ZS,"4,8978622303","4,6433502566","1,9398235808","4,9637770555","4,9903150048","4,3991923912","5,5621019901","7,7568845626","8,7796163172","7,7013469067","7,6148841074","9,0243772568","9,6274522565","9,2212205406","12,8179567421","13,2391532101","14,3731684082","16,3113741856","14,2092177031","9,8045583764","9,5798691328","16,6531456655","25,2589607827","14,7902530905","14,109733025","13,6144795532","17,5156521159","20,7827544575","18,9944341076","22,7514791385","13,572265968","33,6286100622","22,1375592241","28,3339446778","20,448389692","29,2678643932","18,1657853756","21,7133508395","15,0649224079","15,0203918271","15,3789491887","11,3527385384","10,3056757461","9,1370319411","3,9342592985","8,7395498537","9,5141817744","18,0937152205","22,0831994544","24,1177692589","19,3417679609","14,7479337878","16,1322129772","19,885026592","9,1842555793"
DT.ODA.ODAT.KD,80450000,58250000,22950000,63950000,63710000,63240000,81320000,119940000,127460000,109980000,115140000,124690000,132790000,114930000,151300000,139160000,150700000,157960000,118740000,78520000,72380000,132080000,217840000,127400000,130040000,127620000,124930000,129830000,108690000,128820000,82050000,202890000,122500000,148620000,97500000,143630000,102490000,146360000,110000000,103900000,100320000,84130000,77330000,64030000,29290000,56680000,62900000,116160000,134920000,146650000,126360000,96920000,109290000,128230000,58210000
DT.ODA.ODAT.CD,9320000,9070000,3890000,10220000,10550000,9550000,12400000,17760000,20640000,18580000,18840000,22880000,25000000,24520000,34910000,36950000,41130000,47880000,42810000,30340000,30470000,54480000,85040000,51260000,50340000,49990000,66170000,80750000,75870000,93370000,57190000,145390000,98130000,128690000,95110000,139340000,88480000,108140000,76670000,78060000,81550000,61380000,56770000,51240000,22440000,50650000,55970000,107950000,133540000,147790000,120110000,92820000,102910000,128570000,60180000
DT.ODA.ALLD.KD,80450000,58250000,22950000,63950000,63710000,63240000,81320000,119940000,127460000,109980000,115140000,124690000,132790000,114930000,151300000,139160000,150700000,157960000,118740000,78520000,72380000,132080000,217840000,127400000,130040000,127620000,124930000,129830000,108690000,128820000,82050000,202890000,122500000,148620000,97500000,143630000,102490000,146360000,110000000,103900000,100320000,84130000,77330000,64030000,29290000,56680000,62900000,116160000,134920000,146650000,126360000,96920000,109290000,128230000,58210000
DT.ODA.ALLD.CD,9320000,9070000,3890000,10220000,10550000,9550000,12400000,17760000,20640000,18580000,18840000,22880000,25000000,24520000,34910000,36950000,41130000,47880000,42810000,30340000,30470000,54480000,85040000,51260000,50340000,49990000,66170000,80750000,75870000,93370000,57190000,145390000,98130000,128690000,95110000,139340000,88480000,108140000,76670000,78060000,81550000,61380000,56770000,51240000,22440000,50650000,55970000,107950000,133540000,147790000,120110000,92820000,102910000,128570000,60180000
DC.DAC.TOTL.CD,9100000,9730000,2620000,8250000,7700000,5990000,5120000,5240000,9490000,11640000,9430000,12870000,11480000,12580000,19860000,12390000,17470000,25200000,20820000,16800000,25260000,30920000,61350000,35740000,34540000,28380000,48150000,54490000,63100000,89670000,48120000,128330000,66790000,98610000,88990000,116230000,65890000,75670000,61380000,71730000,78010000,66710000,62200000,62150000,32030000,60720000,66410000,111760000,120150000,153140000,97020000,67450000,56760000,47350000,14520000
DC.DAC.JPNL.CD,3090000,730000,-410000,-410000,-370000,-490000,-490000,-430000,-450000,-480000,100000,300000,340000,490000,950000,320000,6540000,14730000,12520000,7240000,16450000,23130000,30450000,21760000,23020000,18850000,34050000,39280000,43580000,72530000,26370000,49920000,50960000,78480000,70310000,77600000,41180000,31400000,21020000,32760000,51510000,34770000,26820000,20220000,-3280000,27470000,25920000,28900000,30850000,37310000,-3730000,-23530000,-19250000,-11650000,-16400000
BX.GRT.TECH.CD.WD,840000,480000,560000,460000,670000,1000000,4180000,4280000,3160000,4650000,6910000,6400000,6350000,7650000,6390000,10480000,8890000,10100000,12430000,12540000,20570000,22420000,20710000,19950000,21260000,22820000,29140000,31860000,37110000,34250000,39850000,44260000,57910000,56970000,53870000,63320000,53300000,50560000,42450000,52060000,56080000,46340000,47650000,48270000,48150000,45300000,49770000,37570000,44650000,55670000,57190000,48940000,47250000,39600000,38750000
BX.GRT.EXTA.CD.WD,4010000,10020000,3030000,7660000,6110000,5710000,"890000,000000001",1230000,11290000,2350000,1050000,1500000,3230000,1470000,6060000,1140000,2100000,1750000,4630000,6460000,9860000,12750000,7980000,4480000,11130000,6460000,13970000,15420000,15630000,14450000,8240000,21680000,45130000,23090000,20800000,36030000,20840000,22610000,21660000,33050000,26020000,19680000,18740000,18530000,19890000,21460000,22550000,80840000,85850000,98360000,98840000,81050000,67820000,60550000,45960000
